row,Emotion_Task_Face_Median_RT,Emotion_Task_Face_Acc,WM_Task_0bk_Place_Median_RT,WM_Task_0bk_Place_Acc,WM_Task_2bk_Place_Median_RT,WM_Task_2bk_Place_Acc,mean_FD
1,663.5,93.332999999999998,615,100,825,100,0.052698125000000005
2,672.5,100,725.5,95,867.25,93.75,0.10185830000000001
3,726,100,608,85,978.5,75,0.16177625000000001
4,643,100,743.75,100,1105.75,93.75,0.070327274999999995
5,814.5,100,718.75,100,1009.25,75,0.060727650000000008
6,800.75,86.667000000000002,548.5,85,961.5,93.75,0.18213750000000001
7,737.5,100,631.5,100,952,100,0.076816424999999994
8,755,96.667000000000002,802,90,1074.5,93.75,0.050259249999999998
9,693.5,100,872,100,939.5,87.5,0.094058749999999997
10,1131,100,762.25,100,969.25,100,0.05940865
11,660.5,100,638.5,100,784.75,100,0.048864075
12,669.5,100,647.75,100,916.5,100,0.068409800000000007
13,NA,NA,804.25,100,911,81.25,0.080592849999999994
14,912.5,100,711.75,100,879.25,100,0.052508899999999997
15,835.5,100,670.75,100,956.5,87.5,0.083414525000000003
16,781,100,703,80,925.25,81.25,0.085885750000000011
17,828,100,792,80,980,93.75,0.055189150000000006
18,773,100,666,100,975.25,100,0.07199549999999999
19,740.5,100,693.25,100,771.25,87.5,0.086348974999999994
20,986,100,932,95,842,87.5,0.071522274999999996
21,941.5,100,622,100,875.5,93.75,0.058550475000000005
22,786.5,100,933.75,100,1220.5,93.75,0.069122625000000007
23,733.5,100,739.75,100,858.75,93.75,0.049090774999999996
24,791,100,669,80,848.5,93.75,0.097091799999999992
25,754,100,702,100,860.25,100,0.057010900000000003
26,726.5,100,628.75,100,743.25,100,0.061253749999999996
27,932.5,100,820,65,716.25,68.75,0.16427325000000001
28,826.5,100,653,100,922.75,100,0.076818125000000001
29,664.5,100,664.25,100,855,87.5,0.10041555000000001
30,865,100,650,85,948.5,93.75,0.092074474999999989
31,717,100,651.5,95,638.75,68.75,0.066995599999999988
32,949.25,96.667000000000002,844,100,1396.25,87.5,0.13651325
33,753.75,96.667000000000002,663.75,100,804.75,100,0.12795024999999999
34,987,100,698.5,80,785.5,87.5,0.11982625
35,971.5,100,768,90,796.25,93.75,0.082692524999999989
36,676,100,555.75,100,956.75,100,0.10212305000000001
37,811.5,100,1234.75,95,1448.25,87.5,0.074632174999999995
38,711,100,733.5,100,1052,87.5,0.11668047499999999
39,780,100,1143.75,90,1050,62.5,0.052246475000000001
40,865.25,96.667000000000002,854.5,100,1311.75,100,0.053202474999999999
41,725,100,663,100,1004.5,93.75,0.065066724999999992
42,688,100,919.75,100,1118,81.25,0.061080275000000003
43,625.5,96.667000000000002,706.5,100,891,87.5,0.082843975
44,704.5,93.332999999999998,655.75,100,807.75,100,0.19124475000000002
45,792,100,1046,85,905.5,87.5,0.071242799999999995
46,959,100,816,95,1176,75,0.106208075
47,784,93.332999999999998,628.5,100,910.5,93.75,0.067345224999999995
48,926.25,96.667000000000002,873.75,85,1057.75,68.75,0.14031625
49,811.5,93.332999999999998,689.5,80,1057.5,87.5,0.0641148
50,779.5,100,541,100,818.5,100,0.068201200000000003
51,835,100,751.25,85,1005.25,100,0.123394
52,825,93.332999999999998,592.75,85,656,93.75,0.1037691
53,697.5,96.667000000000002,575.25,90,639,81.25,0.087284849999999997
54,974,100,813.5,80,953,68.75,0.10542512499999999
55,1056.25,96.667000000000002,711.25,100,994,100,0.049859674999999992
56,828,100,719,100,782.25,87.5,0.089559874999999997
57,739,100,483.25,100,566,100,0.065591824999999992
58,933,100,625,75,654,81.25,0.104035825
59,989.5,100,614.75,95,1009.5,93.75,0.066149474999999999
60,540.5,100,655.75,85,1163.25,93.75,0.060322650000000005
61,744,100,658,100,827.75,100,0.055573850000000001
62,675.5,100,818,95,1112.25,81.25,0.088569074999999997
63,1078,100,786.5,100,1236.75,87.5,0.050659349999999999
64,753,100,1346.75,65,1088.75,68.75,0.099771974999999999
65,706.5,100,714.5,95,1056.25,93.75,0.089051374999999988
66,1017.5,90,1011.75,100,1404.5,68.75,0.10036827499999999
67,852,100,766.5,95,960.25,81.25,0.057922324999999997
68,598.5,96.667000000000002,610,100,772,100,0.080623224999999993
69,847,96.667000000000002,628.25,100,675.5,87.5,0.069272424999999999
70,805.5,100,590,100,669.25,93.75,0.10344267500000001
71,900.5,96.667000000000002,801,100,970.75,93.75,0.065428325000000009
72,710.25,96.667000000000002,631.75,95,1219.5,93.75,0.13232450000000001
73,707.75,93.332999999999998,934,80,914.5,93.75,0.081808450000000005
74,919,90,783.25,100,1170.25,93.75,0.089900875000000005
75,705.75,43.332999999999998,747.25,85,789.75,75,0.092294274999999995
76,780.5,100,947.75,95,1078,62.5,0.093917975000000001
77,707,100,936.5,75,943,81.25,0.068343000000000001
78,770.5,100,788.5,95,872.75,100,0.072382274999999996
79,633,100,1001.5,80,831.75,87.5,0.089553074999999996
80,810,100,682,85,900.5,100,0.12251350000000001
81,737.5,100,704.5,100,888,93.75,0.086684700000000003
82,617,100,532.5,100,735.5,100,0.11109524999999999
83,686,100,677,90,767,93.75,0.10670265
84,866,96.667000000000002,730,90,775,75,0.057166950000000001
85,1032,93.332999999999998,705,100,989,87.5,0.08339474999999999
86,900,100,702.25,100,1051,93.75,0.096868275000000004
87,752.25,96.667000000000002,668,100,1030,93.75,0.082701125
88,603,100,762.5,100,839.25,93.75,0.057030474999999997
89,1000,96.667000000000002,664.75,100,882,100,0.12030774999999999
90,658,100,649,100,975,93.75,0.059603549999999991
91,693.5,100,590.5,100,670.5,87.5,0.058317625000000005
92,552.5,100,611.25,100,750,93.75,0.12596350000000001
93,842,100,796,95,818.75,75,0.093994624999999998
94,923.5,96.667000000000002,598,90,773.5,87.5,0.1596825
95,635.5,96.667000000000002,495.25,100,941.75,93.75,0.14353332499999999
96,852.5,100,864,95,991.5,100,0.085411399999999998
97,675.5,100,595.75,100,814.75,87.5,0.066756524999999997
98,738.5,100,667,95,660.5,87.5,0.061505799999999999
99,851.5,100,772.25,100,807.75,100,0.10689612500000001
100,837,100,676.25,95,713.75,100,0.085007374999999996
101,742.5,100,720.25,100,851,93.75,0.087777300000000003
102,759,100,844.25,85,1417.5,75,0.098321474999999992
103,735.25,96.667000000000002,648,100,883.75,100,0.081911750000000005
104,941.5,100,932,100,1005.75,93.75,0.052404374999999996
105,979.5,100,603,100,841,87.5,0.072869500000000004
106,799,100,941.75,85,1094,93.75,0.074358874999999991
107,NA,NA,558.25,100,740.25,93.75,0.065694575000000005
108,950.5,100,739,85,783.25,100,0.10239565
109,1074.5,100,536.25,100,718,93.75,0.049253699999999997
110,829,100,862.5,100,1065,100,0.065709800000000013
111,909.5,100,811.75,65,973.75,93.75,0.062947525000000004
112,960,100,760.25,85,956.5,100,0.11115799999999999
113,671.5,96.667000000000002,596.75,100,1019.25,100,0.084110124999999994
114,797,100,847.75,75,887,100,0.065785874999999994
115,748.5,100,593,100,746.75,87.5,0.10275700000000001
116,853,100,830.25,100,814,87.5,0.056412774999999998
117,746.5,100,982.5,100,947,100,0.11379449999999999
118,730,100,829,100,886.75,93.75,0.090895100000000006
119,769.5,100,840.5,85,907,93.75,0.083870550000000002
120,582.25,90,807,95,700,81.25,0.080815499999999998
121,860.25,96.667000000000002,838,100,1098.25,87.5,0.100260925
122,728.25,93.332999999999998,779.5,100,963.5,81.25,0.101623175
123,731,100,619.5,100,800.25,93.75,0.13125509999999999
124,565.5,96.667000000000002,551.25,95,826.5,100,0.061558925
125,666,100,632.75,100,938.75,81.25,0.057494524999999998
126,1008.5,100,1000.75,55,1274.5,81.25,0.14334724999999998
127,919,93.332999999999998,759.5,100,754.5,87.5,0.067606924999999998
128,755,100,600,100,850.5,100,0.062801874999999993
129,1054.5,96.667000000000002,988.5,80,971,81.25,0.12498125
130,766,100,673.75,100,879.25,81.25,0.074944524999999998
131,886,100,863.75,100,1111,81.25,0.1089345
132,668.5,96.667000000000002,561.5,100,955.5,81.25,0.067877099999999996
133,675.5,100,644.5,100,786.5,100,0.078457250000000006
134,806,100,770,100,733.5,87.5,0.063841124999999999
135,799.5,100,587.25,100,748,100,0.087342875000000014
136,634,100,676,95,938.25,100,0.071004424999999996
137,852.5,100,796.75,100,1348.25,81.25,0.090545100000000003
138,631,100,617.5,100,915,87.5,0.071581149999999996
139,709.5,100,471,70,823.5,100,0.30285299999999998
140,776.75,96.667000000000002,633.5,100,978.5,75,0.083400200000000008
141,748.5,100,672.75,95,838,100,0.099108299999999996
142,793.5,100,726.5,100,928.75,100,0.072482000000000005
143,521.5,96.667000000000002,666.5,100,826,100,0.142826225
144,778.5,100,847,75,1180.5,93.75,0.063599824999999999
145,805,100,601.75,100,672.75,93.75,0.10212267500000001
146,802.75,96.667000000000002,613,100,972.25,93.75,0.100217575
147,780.75,93.332999999999998,628,100,906.5,100,0.107862
148,859.5,100,988.75,100,1182.75,93.75,0.099641574999999996
149,856,100,666,100,877.5,100,0.049851725
150,703.5,93.332999999999998,552.5,100,1168.5,93.75,0.08570087500000001
151,909,93.332999999999998,703.25,100,800.75,100,0.069566975000000003
152,672,100,568.25,100,728.25,87.5,0.103594725
153,695,100,635.5,100,1008.5,100,0.051803499999999995
154,1004,100,779,95,1184,68.75,0.095326775000000002
155,831,100,804.75,100,1266,93.75,0.12374474999999999
156,840,100,856.75,65,1128.5,81.25,0.070253750000000004
157,916.5,96.667000000000002,656,100,1015,87.5,0.048334724999999995
158,681,100,712.75,95,932.25,93.75,0.20741725
159,698,93.332999999999998,653.5,100,982,87.5,0.088148249999999997
160,898.25,96.667000000000002,689.25,100,941.5,93.75,0.092775275000000018
161,616,100,514.5,100,845.25,100,0.14225374999999998
162,1167.75,96.667000000000002,653.75,85,931.25,93.75,0.10242497500000002
163,838.5,93.332999999999998,686.25,100,1176.75,100,0.065882799999999991
164,734.5,100,667.75,95,907,87.5,0.073524200000000012
165,697,100,650.5,100,936.25,93.75,0.10599865
166,594,100,562,95,627,100,0.060580175
167,558.5,100,535.5,100,628.25,100,0.084354824999999994
168,717,96.667000000000002,574.5,100,898.5,100,0.054105149999999998
169,655.75,96.667000000000002,562.25,100,822.5,93.75,0.073994250000000011
170,867,100,533.5,100,766.25,93.75,0.089369299999999999
171,560.5,100,672,100,826,93.75,0.11837900000000001
172,788.5,100,575.25,100,1192,93.75,0.070009200000000008
173,830.5,100,829,100,972,93.75,0.1168584
174,741.75,96.667000000000002,965,60,833,75,0.075906149999999992
175,1418,93.332999999999998,966.5,85,1369.5,87.5,0.090692775000000003
176,664,100,648.25,85,823.75,93.75,0.089500350000000006
177,656,100,631.25,100,768.5,100,0.061805600000000002
178,1048,100,601.75,100,1069.5,75,0.12660312500000001
179,600.5,100,587.75,100,844,100,0.110860125
180,794,100,621.25,100,1025.75,93.75,0.060283850000000007
181,996.5,100,748,100,1057.75,100,0.098124674999999995
182,807.5,100,668.25,85,1064.5,100,0.13388274999999999
183,681,100,827,100,1229.5,100,0.047389725000000001
184,867,100,952.25,100,1061.25,93.75,0.067138599999999993
185,649.25,96.667000000000002,556.75,100,590.5,93.75,0.071237099999999998
186,801,96.667000000000002,694.5,80,1232.75,100,0.10803695000000001
187,960,100,680.75,95,1076.25,93.75,0.059891799999999995
188,902.5,96.667000000000002,768.75,100,964,93.75,0.056359424999999998
189,607.5,100,509.75,95,621.25,100,0.054944199999999999
190,821.5,100,618.25,100,868.25,75,0.10406142500000001
191,977,100,916,90,1017,75,0.082883625000000002
192,760.5,90,760.5,100,1264,87.5,0.10605025000000001
193,977.5,100,628.25,95,929,100,0.077036199999999999
194,910,100,679,100,864.25,100,0.062613349999999998
195,754,100,843.25,100,1137,93.75,0.076230500000000007
196,766,100,705.5,100,1196.75,93.75,0.06835227499999999
197,823.25,96.667000000000002,701.75,90,733,87.5,0.069005499999999997
198,628,100,673,100,1031.25,100,0.057598425000000002
199,760,100,704.5,95,809,93.75,0.049672075000000003
200,1117,100,1327.5,75,1250.75,50,0.096588000000000007
201,772.5,100,622,100,916.75,93.75,0.049857799999999994
202,666.75,96.667000000000002,556.25,100,908.75,100,0.052366549999999998
203,866.5,100,781,70,920.75,93.75,0.10308870000000001
204,895.5,100,732,100,1117.5,75,0.073445675000000002
205,952,100,728.5,100,1020,100,0.057638750000000002
206,581,100,647.25,100,650,100,0.09596407500000001
207,798.25,96.667000000000002,717.5,100,842.5,100,0.061006424999999996
208,694.5,100,701.25,100,855.5,87.5,0.060957900000000002
209,626.5,100,697.75,100,943.75,93.75,0.078022099999999997
210,766.5,100,667.25,100,884.5,100,0.065766975000000005
211,789,100,727,100,889.75,81.25,0.07453884999999999
212,942.5,100,969.25,85,1110.5,75,0.077431725000000007
213,715,96.667000000000002,703.25,95,846.5,81.25,0.053611724999999999
214,1138.5,100,734,95,856.5,100,0.058985675000000001
215,1130.5,93.332999999999998,732.75,100,858.25,100,0.074822774999999994
216,761.5,100,655,90,636.5,75,0.14359675
217,742,100,691.25,100,772.75,100,0.050045775000000001
218,780,96.667000000000002,553,100,821.5,100,0.066686300000000004
219,740,100,806.75,95,958,93.75,0.1048089
220,897,100,1130.75,75,995.5,93.75,0.13422475
221,750,100,902.5,95,1005.5,87.5,0.055937750000000008
222,774,100,703.25,100,702.25,68.75,0.059484474999999995
223,732,100,896.5,70,803,81.25,0.097804575000000005
224,668.5,96.667000000000002,591.75,80,634.25,100,0.076530724999999994
225,820.25,83.332999999999998,645.25,100,789.25,87.5,0.12883649999999999
226,834.75,96.667000000000002,708.75,100,928.25,100,0.061715950000000006
227,901.5,100,692.25,85,881.5,62.5,0.089114025000000013
228,717.75,96.667000000000002,501.75,100,704.75,93.75,0.081422624999999998
229,776.25,96.667000000000002,633,90,876.75,81.25,0.080637924999999999
230,828,100,687.5,100,897.5,93.75,0.11870575
231,702.5,100,606.25,100,852,87.5,0.0435824
232,875,100,684.5,95,1208,75,0.1072757
233,797,100,743.25,100,948.25,100,0.090619950000000005
234,645,100,468,100,648.25,100,0.068607724999999994
235,719,100,751.5,75,906.5,81.25,0.062173149999999996
236,801,100,884.5,70,953.75,87.5,0.050558099999999995
237,809.5,96.667000000000002,633,100,974.75,87.5,0.063672174999999998
238,683,100,623.5,100,664,81.25,0.065742725000000002
239,717.5,96.667000000000002,1071.25,100,1212.25,87.5,0.047182675
240,738.5,100,744,80,732.25,87.5,0.091916849999999994
241,780,100,903.5,100,1351.75,93.75,0.11663749999999999
242,953.5,100,612.25,100,799.5,100,0.082676474999999999
243,821,100,654.75,100,1071.25,93.75,0.1681935
244,785.5,100,637.75,100,582.25,68.75,0.061744100000000003
245,615,93.332999999999998,645,100,909.25,81.25,0.093201850000000003
246,752,100,1035.75,85,822.5,68.75,0.089833300000000005
247,797.5,96.667000000000002,603.25,100,637.25,87.5,0.052711499999999994
248,723,96.667000000000002,608,95,690.25,100,0.090189850000000002
249,517.75,96.667000000000002,597.25,90,685,100,0.108664225
250,661.5,100,725,100,823.5,93.75,0.054518000000000004
251,726,100,770.25,100,1178,93.75,0.092127799999999996
252,621,100,575.5,100,756,100,0.061446500000000001
253,634.25,96.667000000000002,545,100,1105.75,87.5,0.067904600000000009
254,583,93.332999999999998,573,85,736,93.75,0.085617325000000008
255,661,100,561,90,667.5,87.5,0.061002475
256,786.5,100,733,90,1061,87.5,0.051035449999999996
257,640,93.332999999999998,693.5,75,945.5,87.5,0.08782885
258,661,100,593.75,100,871,100,0.061162425000000006
259,590,100,607.25,100,835,100,0.053112125000000003
260,709,96.667000000000002,798,80,828.75,100,0.061726274999999997
261,603,100,657,100,707.75,100,0.041443899999999999
262,616,100,714.75,100,969.25,93.75,0.063231225000000002
263,867.5,96.667000000000002,740,100,1216.5,62.5,0.12785535000000001
264,883,100,647.5,95,796.5,81.25,0.094225174999999994
265,623,100,637.25,100,782,93.75,0.059629124999999998
266,911,100,587.5,100,1023,100,0.061596325
267,778.75,96.667000000000002,643.25,80,809.75,68.75,0.13928399999999999
268,620.5,100,517,85,933.75,100,0.078755475000000005
269,782,100,922,80,878,81.25,0.11145674999999999
270,745.75,96.667000000000002,1029,100,913,87.5,0.053027599999999994
271,838.5,96.667000000000002,842.75,100,1170.5,87.5,0.069077825000000009
272,645.25,93.332999999999998,816,100,775,93.75,0.065701625
273,753,100,651.25,100,907,68.75,0.078293874999999999
274,707,100,678.5,95,951.5,87.5,0.077628525000000004
275,717.5,96.667000000000002,781,55,856.75,81.25,0.1094849
276,514.5,100,604.5,100,880.5,81.25,0.093968350000000006
277,658.25,96.667000000000002,477,90,516,62.5,0.15785374999999999
278,671,100,669,100,699.75,81.25,0.063730824999999991
279,712,93.332999999999998,782.25,80,842,100,0.087751724999999989
280,802,100,827.5,85,963,93.75,0.088568025000000009
281,719.75,96.667000000000002,827.25,85,968.5,75,0.066226924999999992
282,1046.5,96.667000000000002,724.5,100,660.5,62.5,0.13398325
283,1049,96.667000000000002,973.25,100,1152.5,93.75,0.059575200000000009
284,825.25,96.667000000000002,722.25,100,1047.5,87.5,0.064705149999999989
285,977,100,NA,NA,NA,NA,0.061416650000000003
286,1024.5,100,674.25,75,937.75,68.75,0.070884224999999995
287,750.5,100,832,75,959,75,0.19072300000000003
288,764.5,100,754.25,100,754.75,93.75,0.095831274999999994
289,648,100,555.5,100,773.75,81.25,0.094511574999999987
290,1120,96.667000000000002,989.25,85,801.25,75,0.13083275
291,766.25,93.332999999999998,652.5,100,831.5,75,0.077725099999999991
292,780.5,100,1075.5,80,1168.75,81.25,0.057241149999999991
293,1038.25,96.667000000000002,917,100,1118.5,75,0.20041500000000001
294,1429,93.332999999999998,907.75,60,1261.5,93.75,0.091598650000000004
295,783,100,763.75,95,794.25,87.5,0.055247675000000003
296,763,100,707.5,95,861.5,75,0.085052949999999988
297,782.5,100,697.75,100,701,87.5,0.079335849999999999
298,754,90,694.25,100,995.75,87.5,0.077767574999999992
299,712.5,100,609.75,100,871.75,81.25,0.087980425000000001
300,930.75,93.332999999999998,1040.25,60,1013,93.75,0.086373149999999982
301,776.5,100,587.25,100,792.5,87.5,0.062427974999999997
302,670,100,653.75,100,663.75,100,0.058616475000000001
303,717,100,694,100,868.25,100,0.16503175
304,746,100,650,100,847.5,87.5,0.075331450000000008
305,636.75,96.667000000000002,628.75,95,1131,93.75,0.10261060000000001
306,703.5,100,530.75,100,665.75,87.5,0.056481324999999999
307,738,100,770,95,889.25,100,0.11246057500000001
308,884,100,649.25,100,807.5,93.75,0.068332549999999992
309,716.5,100,791.25,100,1132.5,100,0.14645350000000001
310,817.5,100,961.5,100,1044,68.75,0.065088424999999991
311,786,100,1017,95,1213,93.75,0.065528400000000001
312,646.5,100,606,95,874.5,100,0.063093750000000004
313,743.5,100,532.75,85,1019.5,81.25,0.080983424999999998
314,796,100,588.75,100,1046.5,75,0.06277350000000001
315,658.5,100,752.75,100,934.25,100,0.067429574999999992
316,830,100,876.75,75,890,100,0.12328249999999999
317,724.5,100,592,100,788.75,93.75,0.12058052499999999
318,896,100,1112,90,1130,87.5,0.23665250000000004
319,832.25,96.667000000000002,739.25,85,735.25,81.25,0.066582274999999996
320,928.5,100,704.75,90,974.5,81.25,0.12531100000000001
321,678.75,96.667000000000002,896.25,95,800,87.5,0.17121724999999999
322,753.75,96.667000000000002,797,100,804.5,87.5,0.10320035
323,929,96.667000000000002,825.75,100,1189,93.75,0.051336725
324,680,100,861.5,80,1203.25,87.5,0.059045599999999997
325,714,100,903.25,90,893,87.5,0.071918549999999998
326,774.5,100,674,100,891.75,100,0.07889584999999999
327,722.5,100,707,85,1067.5,100,0.097251649999999995
328,709,96.667000000000002,602,95,799,93.75,0.06891934999999999
329,727,93.332999999999998,686,100,919.5,93.75,0.058184000000000007
330,777,100,845.75,100,951.5,100,0.056714024999999994
331,644.5,100,713.25,100,790,75,0.11045905
332,863.5,100,841.5,95,1351,87.5,0.056618149999999999
333,817,100,679.75,100,1139,62.5,0.073487125
334,847.5,100,696.5,100,971,93.75,0.092400999999999997
335,895,100,608.75,100,964,100,0.088029299999999991
336,594.75,96.667000000000002,645,100,873,100,0.053235675000000003
337,640.5,96.667000000000002,583,100,851.75,93.75,0.081412749999999992
338,691.5,100,653,100,975.25,100,0.051823324999999996
339,577,96.667000000000002,628.25,100,864.75,93.75,0.1465785
340,751,100,779.75,85,1106.75,87.5,0.082560275000000002
341,645.5,100,497.5,100,902.75,93.75,0.090882774999999999
342,862,96.667000000000002,665.75,100,1075.25,93.75,0.090604599999999993
343,677.25,96.667000000000002,644.5,90,729,81.25,0.12496575000000001
344,671,100,781.75,85,961.25,93.75,0.044498124999999999
345,747.75,96.667000000000002,856,90,794.75,93.75,0.072602600000000003
346,835,100,1026.5,95,981.25,100,0.072227724999999993
347,795.5,100,762.25,100,1170.5,87.5,0.063166050000000001
348,925,100,869,85,1123.25,100,0.067609025000000003
349,863,100,837.75,100,921.25,87.5,0.056477399999999997
350,707.5,96.667000000000002,628.75,100,770.75,100,0.057147375000000007
351,710,100,706.75,100,1051.25,87.5,0.15059275
352,936,100,1195.25,85,889,75,0.086455775000000012
353,759,100,634,100,907.5,93.75,0.068995125000000018
354,708.75,96.667000000000002,691,95,979,100,0.086891874999999993
355,791,100,686.75,95,953,100,0.061845474999999997
356,899.5,96.667000000000002,914.5,65,1167,75,0.074250375000000007
357,825.25,96.667000000000002,768.25,100,957,87.5,0.19694325000000001
358,803,100,716.5,90,956.75,93.75,0.045752775000000002
359,NA,NA,557,95,875.75,93.75,0.13717625
360,NA,NA,841.25,80,753.25,75,0.1642035
361,758,100,529.75,100,679.5,100,0.066263300000000011
362,743,96.667000000000002,560.25,100,548.25,75,0.048524875000000002
363,825,96.667000000000002,569.25,85,498,75,0.061042150000000003
364,896,100,745,95,1004,81.25,0.044222699999999997
365,630.25,96.667000000000002,778.25,100,937,100,0.069604349999999995
366,911.5,100,669.5,100,890.75,100,0.090738199999999991
367,686.5,100,679.75,100,832,75,0.17131749999999998
368,773,100,578.75,100,633.75,87.5,0.095129025000000006
369,710.5,100,723,90,907.75,100,0.096451449999999994
370,758.5,96.667000000000002,672.5,100,820.75,100,0.047423649999999998
371,804,100,635.5,100,904.5,93.75,0.053113524999999995
