index,label
1,L_10d_ROI L
2,L_10pp_ROI L
3,L_10r_ROI L
4,L_10v_ROI L
5,L_11l_ROI L
6,L_13l_ROI L
7,L_1_ROI L
8,L_23c_ROI L
9,L_23d_ROI L
10,L_24dd_ROI L
11,L_24dv_ROI L
12,L_25_ROI L
13,L_2_ROI L
14,L_31a_ROI L
15,L_31pd_ROI L
16,L_31pv_ROI L
17,L_33pr_ROI L
18,L_3a_ROI L
19,L_3b_ROI L
20,L_43_ROI L
21,L_44_ROI L
22,L_45_ROI L
23,L_46_ROI L
24,L_47l_ROI L
25,L_47m_ROI L
26,L_47s_ROI L
27,L_4_ROI L
28,L_52_ROI L
29,L_55b_ROI L
30,L_5L_ROI L
31,L_5m_ROI L
32,L_5mv_ROI L
33,L_6a_ROI L
34,L_6d_ROI L
35,L_6ma_ROI L
36,L_6mp_ROI L
37,L_6r_ROI L
38,L_6v_ROI L
39,L_7AL_ROI L
40,L_7Am_ROI L
41,L_7PC_ROI L
42,L_7PL_ROI L
43,L_7Pm_ROI L
44,L_7m_ROI L
45,L_8Ad_ROI L
46,L_8Av_ROI L
47,L_8BL_ROI L
48,L_8BM_ROI L
49,L_8C_ROI L
50,L_9-46d_ROI L
51,L_9a_ROI L
52,L_9m_ROI L
53,L_9p_ROI L
54,L_A1_ROI L
55,L_A4_ROI L
56,L_A5_ROI L
57,L_AAIC_ROI L
58,L_AIP_ROI L
59,L_AVI_ROI L
60,L_DVT_ROI L
61,L_EC_ROI L
62,L_FEF_ROI L
63,L_FFC_ROI L
64,L_FOP1_ROI L
65,L_FOP2_ROI L
66,L_FOP3_ROI L
67,L_FOP4_ROI L
68,L_FOP5_ROI L
69,L_FST_ROI L
70,L_H_ROI L
71,L_IFJa_ROI L
72,L_IFJp_ROI L
73,L_IFSa_ROI L
74,L_IFSp_ROI L
75,L_IP0_ROI L
76,L_IP1_ROI L
77,L_IP2_ROI L
78,L_IPS1_ROI L
79,L_Ig_ROI L
80,L_LBelt_ROI L
81,L_LIPd_ROI L
82,L_LIPv_ROI L
83,L_LO1_ROI L
84,L_LO2_ROI L
85,L_LO3_ROI L
86,L_MBelt_ROI L
87,L_MIP_ROI L
88,L_MI_ROI L
89,L_MST_ROI L
90,L_MT_ROI L
91,L_OFC_ROI L
92,L_OP1_ROI L
93,L_OP2-3_ROI L
94,L_OP4_ROI L
95,L_PBelt_ROI L
96,L_PCV_ROI L
97,L_PEF_ROI L
98,L_PF_ROI L
99,L_PFcm_ROI L
100,L_PFm_ROI L
101,L_PFop_ROI L
102,L_PFt_ROI L
103,L_PGi_ROI L
104,L_PGp_ROI L
105,L_PGs_ROI L
106,L_PHA1_ROI L
107,L_PHA2_ROI L
108,L_PHA3_ROI L
109,L_PHT_ROI L
110,L_PH_ROI L
111,L_PIT_ROI L
112,L_PI_ROI L
113,L_POS1_ROI L
114,L_POS2_ROI L
115,L_PSL_ROI L
116,L_PeEc_ROI L
117,L_Pir_ROI L
118,L_PoI1_ROI L
119,L_PoI2_ROI L
120,L_PreS_ROI L
121,L_ProS_ROI L
122,L_RI_ROI L
123,L_RSC_ROI L
124,L_SCEF_ROI L
125,L_SFL_ROI L
126,L_STGa_ROI L
127,L_STSda_ROI L
128,L_STSdp_ROI L
129,L_STSva_ROI L
130,L_STSvp_ROI L
131,L_STV_ROI L
132,L_TA2_ROI L
133,L_TE1a_ROI L
134,L_TE1m_ROI L
135,L_TE1p_ROI L
136,L_TE2a_ROI L
137,L_TE2p_ROI L
138,L_TF_ROI L
139,L_TGd_ROI L
140,L_TGv_ROI L
141,L_TPOJ1_ROI L
142,L_TPOJ2_ROI L
143,L_TPOJ3_ROI L
144,L_V1_ROI L
145,L_V2_ROI L
146,L_V3A_ROI L
147,L_V3B_ROI L
148,L_V3CD_ROI L
149,L_V3_ROI L
150,L_V4_ROI L
151,L_V4t_ROI L
152,L_V6A_ROI L
153,L_V6_ROI L
154,L_V7_ROI L
155,L_V8_ROI L
156,L_VIP_ROI L
157,L_VMV1_ROI L
158,L_VMV2_ROI L
159,L_VMV3_ROI L
160,L_VVC_ROI L
161,L_a10p_ROI L
162,L_a24_ROI L
163,L_a24pr_ROI L
164,L_a32pr_ROI L
165,L_a47r_ROI L
166,L_a9-46v_ROI L
167,L_d23ab_ROI L
168,L_d32_ROI L
169,L_i6-8_ROI L
170,L_p10p_ROI L
171,L_p24_ROI L
172,L_p24pr_ROI L
173,L_p32_ROI L
174,L_p32pr_ROI L
175,L_p47r_ROI L
176,L_p9-46v_ROI L
177,L_pOFC_ROI L
178,L_s32_ROI L
179,L_s6-8_ROI L
180,L_v23ab_ROI L
181,R_10d_ROI R
182,R_10pp_ROI R
183,R_10r_ROI R
184,R_10v_ROI R
185,R_11l_ROI R
186,R_13l_ROI R
187,R_1_ROI R
188,R_23c_ROI R
189,R_23d_ROI R
190,R_24dd_ROI R
191,R_24dv_ROI R
192,R_25_ROI R
193,R_2_ROI R
194,R_31a_ROI R
195,R_31pd_ROI R
196,R_31pv_ROI R
197,R_33pr_ROI R
198,R_3a_ROI R
199,R_3b_ROI R
200,R_43_ROI R
201,R_44_ROI R
202,R_45_ROI R
203,R_46_ROI R
204,R_47l_ROI R
205,R_47m_ROI R
206,R_47s_ROI R
207,R_4_ROI R
208,R_52_ROI R
209,R_55b_ROI R
210,R_5L_ROI R
211,R_5m_ROI R
212,R_5mv_ROI R
213,R_6a_ROI R
214,R_6d_ROI R
215,R_6ma_ROI R
216,R_6mp_ROI R
217,R_6r_ROI R
218,R_6v_ROI R
219,R_7AL_ROI R
220,R_7Am_ROI R
221,R_7PC_ROI R
222,R_7PL_ROI R
223,R_7Pm_ROI R
224,R_7m_ROI R
225,R_8Ad_ROI R
226,R_8Av_ROI R
227,R_8BL_ROI R
228,R_8BM_ROI R
229,R_8C_ROI R
230,R_9-46d_ROI R
231,R_9a_ROI R
232,R_9m_ROI R
233,R_9p_ROI R
234,R_A1_ROI R
235,R_A4_ROI R
236,R_A5_ROI R
237,R_AAIC_ROI R
238,R_AIP_ROI R
239,R_AVI_ROI R
240,R_DVT_ROI R
241,R_EC_ROI R
242,R_FEF_ROI R
243,R_FFC_ROI R
244,R_FOP1_ROI R
245,R_FOP2_ROI R
246,R_FOP3_ROI R
247,R_FOP4_ROI R
248,R_FOP5_ROI R
249,R_FST_ROI R
250,R_H_ROI R
251,R_IFJa_ROI R
252,R_IFJp_ROI R
253,R_IFSa_ROI R
254,R_IFSp_ROI R
255,R_IP0_ROI R
256,R_IP1_ROI R
257,R_IP2_ROI R
258,R_IPS1_ROI R
259,R_Ig_ROI R
260,R_LBelt_ROI R
261,R_LIPd_ROI R
262,R_LIPv_ROI R
263,R_LO1_ROI R
264,R_LO2_ROI R
265,R_LO3_ROI R
266,R_MBelt_ROI R
267,R_MIP_ROI R
268,R_MI_ROI R
269,R_MST_ROI R
270,R_MT_ROI R
271,R_OFC_ROI R
272,R_OP1_ROI R
273,R_OP2-3_ROI R
274,R_OP4_ROI R
275,R_PBelt_ROI R
276,R_PCV_ROI R
277,R_PEF_ROI R
278,R_PF_ROI R
279,R_PFcm_ROI R
280,R_PFm_ROI R
281,R_PFop_ROI R
282,R_PFt_ROI R
283,R_PGi_ROI R
284,R_PGp_ROI R
285,R_PGs_ROI R
286,R_PHA1_ROI R
287,R_PHA2_ROI R
288,R_PHA3_ROI R
289,R_PHT_ROI R
290,R_PH_ROI R
291,R_PIT_ROI R
292,R_PI_ROI R
293,R_POS1_ROI R
294,R_POS2_ROI R
295,R_PSL_ROI R
296,R_PeEc_ROI R
297,R_Pir_ROI R
298,R_PoI1_ROI R
299,R_PoI2_ROI R
300,R_PreS_ROI R
301,R_ProS_ROI R
302,R_RI_ROI R
303,R_RSC_ROI R
304,R_SCEF_ROI R
305,R_SFL_ROI R
306,R_STGa_ROI R
307,R_STSda_ROI R
308,R_STSdp_ROI R
309,R_STSva_ROI R
310,R_STSvp_ROI R
311,R_STV_ROI R
312,R_TA2_ROI R
313,R_TE1a_ROI R
314,R_TE1m_ROI R
315,R_TE1p_ROI R
316,R_TE2a_ROI R
317,R_TE2p_ROI R
318,R_TF_ROI R
319,R_TGd_ROI R
320,R_TGv_ROI R
321,R_TPOJ1_ROI R
322,R_TPOJ2_ROI R
323,R_TPOJ3_ROI R
324,R_V1_ROI R
325,R_V2_ROI R
326,R_V3A_ROI R
327,R_V3B_ROI R
328,R_V3CD_ROI R
329,R_V3_ROI R
330,R_V4_ROI R
331,R_V4t_ROI R
332,R_V6A_ROI R
333,R_V6_ROI R
334,R_V7_ROI R
335,R_V8_ROI R
336,R_VIP_ROI R
337,R_VMV1_ROI R
338,R_VMV2_ROI R
339,R_VMV3_ROI R
340,R_VVC_ROI R
341,R_a10p_ROI R
342,R_a24_ROI R
343,R_a24pr_ROI R
344,R_a32pr_ROI R
345,R_a47r_ROI R
346,R_a9-46v_ROI R
347,R_d23ab_ROI R
348,R_d32_ROI R
349,R_i6-8_ROI R
350,R_p10p_ROI R
351,R_p24_ROI R
352,R_p24pr_ROI R
353,R_p32_ROI R
354,R_p32pr_ROI R
355,R_p47r_ROI R
356,R_p9-46v_ROI R
357,R_pOFC_ROI R
358,R_s32_ROI R
359,R_s6-8_ROI R
360,R_v23ab_ROI R
