parcel,table1,table_S2,table_S3
25,Subgenual Cingulate Area,,
6a,Superior Premotor Cortex,,Superior Premotor Cortex
A4,,Auditory Cortex,
DVT,Posterior Cingulate Cortex,,Posterior Cingulate Cortex
FST,,Fundus of Superior Temporal (MT+ Complex),
H,,,Part of Hippocampus
IFJp,Inferior Frontal Junction,,
IFSa,Inferior Frontal Sulcus,,
IP0,Inferior Parietal Cortex,,Inferior Parietal Cortex
LIPd,,Lateral Intraparietal Area,
LO1,Lateral Occipital Area,Lateral Occipital Area,
LO2,Lateral Occipital Area,Lateral Occipital Area,
LO3,Lateral Occipital Area,Lateral Occipital Area,
MIP,Medial Intraparietal Area,,
MST,Medial Superior Temporal (MT+ Complex),Medial Superior Temporal (MT+ Complex),
MT,Middle Temporal (MT+ Complex),Middle Temporal (MT+ Complex),
PeEc,Perientorhinal and Ectorhinal Complex,Perientorhinal and Ectorhinal Complex,Perientorhinal and Ectorhinal Complex
PEF,Premotor Eye Field,Premotor Eye Field,
PFm,Inferior Parietal Cortex,,
PGp,Inferior Parietal Cortex,,Inferior Parietal Cortex
PH,Area PH (MT+ Complex),Area PH (MT+ Complex),Area PH (MT+ Complex)
PHA2,Parahippocampal Area,,Parahippocampal Area
PIT,Posterior Inferior Temporal Complex,Posterior Inferior Temporal Complex,
POS1,Posterior Cingulate Cortex,,Posterior Cingulate Cortex
ProS,,ProStriate Area,
STSdp,Superior Temporal Sulcus,,
STSva,,Superior Temporal Sulcus,
TE1m,,Middle Temporal Cortex,
TE2p,Lateral Temporal Cortex,Inferior Temporal (IT) Cortex,Lateral Temporal Cortex
TF,,Inferior Temporal (IT) Cortex,Lateral Temporal Cortex
TGd,Temporal Polar Cortex,Temporal Polar Cortex,
TPOJ1,Temporo-Parieto-Occipital Junction,Temporo-Parieto-Occipital Junction,
TPOJ2,Temporo-Parieto-Occipital Junction,Temporo-Parieto-Occipital Junction,
TPOJ3,Temporo-Parieto-Occipital Junction,Temporo-Parieto-Occipital Junction,
V3B,Visual Area V3B,,
V4,Visual Area V4,Visual Area V4,
V4t,Area V4t (MT+ Complex),Area V4t (MT+ Complex),
V8,Visual Area V8,Visual Area V8 (Part of Ventral Stream),
VMV2,Ventral Medial Visual Area,Ventral Medial Visual Area,Ventral Medial Visual Area
VMV3,Ventral Medial Visual Area,,Ventral Medial Visual Area
VVC,Ventral Visual Complex,Ventral Visual Complex,Ventral Visual Complex
